{
  "millor_model": "XGBoost_Calibrat_Sigmoid",
  "metrics": {
    "accuracy": 0.9441860465116279,
    "precision": 0.9383561643835616,
    "recall": 0.9013157894736842,
    "f1_score": 0.9194630872483222,
    "roc_auc": 0.9476050738356683,
    "pr_auc": 0.9391564088508274,
    "brier_score": 0.053257105176698336
  },
  "data_info": {
    "total_samples": 2149,
    "train_samples": 1289,
    "val_samples": 430,
    "test_samples": 430,
    "prevalence": 0.35365286179618427
  }
}